,ds,trend,yhat_lower,yhat_upper,trend_lower,trend_upper,additive_terms,additive_terms_lower,additive_terms_upper,weekly,weekly_lower,weekly_upper,multiplicative_terms,multiplicative_terms_lower,multiplicative_terms_upper,yhat
0,2021-06-21,593.855829755856,486.15246735485033,710.2421545754493,593.855829755856,593.855829755856,1.8089560455242346,1.8089560455242346,1.8089560455242346,1.8089560455242346,1.8089560455242346,1.8089560455242346,0.0,0.0,0.0,595.6647858013803
1,2021-06-22,596.4078933135803,481.1739436935964,704.3677370961916,596.4078933135803,596.4078933135803,-3.6177922643900953,-3.6177922643900953,-3.6177922643900953,-3.6177922643900953,-3.6177922643900953,-3.6177922643900953,0.0,0.0,0.0,592.7901010491902
2,2021-06-23,598.9599568713046,486.5345288559261,711.1770191870226,598.9599568713046,598.9599568713046,-0.7337970417122599,-0.7337970417122599,-0.7337970417122599,-0.7337970417122599,-0.7337970417122599,-0.7337970417122599,0.0,0.0,0.0,598.2261598295923
3,2021-06-24,601.5120204290289,480.476233643147,706.3176504000329,601.5120204290289,601.5120204290289,-8.669034871692352,-8.669034871692352,-8.669034871692352,-8.669034871692352,-8.669034871692352,-8.669034871692352,0.0,0.0,0.0,592.8429855573365
4,2021-06-25,604.0640839867531,477.02207712312287,702.527649234035,604.0640839867531,604.0640839867531,-14.203283682443837,-14.203283682443837,-14.203283682443837,-14.203283682443837,-14.203283682443837,-14.203283682443837,0.0,0.0,0.0,589.8608003043092
5,2021-06-28,611.720274659926,500.8810249039134,725.7868037677966,611.720274659926,611.720274659926,1.808956045582879,1.808956045582879,1.808956045582879,1.808956045582879,1.808956045582879,1.808956045582879,0.0,0.0,0.0,613.5292307055089
6,2021-06-29,614.2723382176503,499.46902815774206,724.1556487438871,614.2723382176503,614.2723382176503,-3.6177922643589815,-3.6177922643589815,-3.6177922643589815,-3.6177922643589815,-3.6177922643589815,-3.6177922643589815,0.0,0.0,0.0,610.6545459532913
7,2021-06-30,616.8244017753744,494.7390600048021,731.0422868779241,616.8244017753744,616.8244017753744,-0.7337970416986048,-0.7337970416986048,-0.7337970416986048,-0.7337970416986048,-0.7337970416986048,-0.7337970416986048,0.0,0.0,0.0,616.0906047336758
8,2021-07-01,619.3764653330987,499.32523845630794,725.1335246185461,619.3764653330987,619.3764653330987,-8.66903487169751,-8.66903487169751,-8.66903487169751,-8.66903487169751,-8.66903487169751,-8.66903487169751,0.0,0.0,0.0,610.7074304614013
9,2021-07-02,621.9285288927459,496.47387001802923,720.3954762459035,621.9285288927459,621.9285288927459,-14.203283682435622,-14.203283682435622,-14.203283682435622,-14.203283682435622,-14.203283682435622,-14.203283682435622,0.0,0.0,0.0,607.7252452103103
10,2021-07-06,632.1367831313343,517.6499264495421,733.1157699349083,632.1367831313343,632.1367831313343,-3.6177922643720475,-3.6177922643720475,-3.6177922643720475,-3.6177922643720475,-3.6177922643720475,-3.6177922643720475,0.0,0.0,0.0,628.5189908669622
11,2021-07-07,634.6888466909814,520.5602120415776,745.4376677311423,634.6888466909814,634.6888466909814,-0.73379704170642,-0.73379704170642,-0.73379704170642,-0.73379704170642,-0.73379704170642,-0.73379704170642,0.0,0.0,0.0,633.955049649275
12,2021-07-08,637.2409102506285,515.8561824236673,752.4541779803608,637.2409102506285,637.2409102506285,-8.669034871702674,-8.669034871702674,-8.669034871702674,-8.669034871702674,-8.669034871702674,-8.669034871702674,0.0,0.0,0.0,628.5718753789258
13,2021-07-09,639.7929738102756,507.78575308749663,737.7578126569933,639.7929738102756,639.7929738102756,-14.203283682418972,-14.203283682418972,-14.203283682418972,-14.203283682418972,-14.203283682418972,-14.203283682418972,0.0,0.0,0.0,625.5896901278567
14,2021-07-12,647.4491644892169,538.2493177363152,759.9655736794291,647.4491644892169,647.4491644892169,1.8089560455547942,1.8089560455547942,1.8089560455547942,1.8089560455547942,1.8089560455547942,1.8089560455547942,0.0,0.0,0.0,649.2581205347717
15,2021-07-13,650.0012280488639,531.850686905149,759.1499719916172,650.0012280488639,650.0012280488639,-3.6177922643630245,-3.6177922643630245,-3.6177922643630245,-3.6177922643630245,-3.6177922643630245,-3.6177922643630245,0.0,0.0,0.0,646.3834357845009
16,2021-07-14,652.553291608511,537.0046639886615,760.5782276193811,652.553291608511,652.553291608511,-0.7337970416981101,-0.7337970416981101,-0.7337970416981101,-0.7337970416981101,-0.7337970416981101,-0.7337970416981101,0.0,0.0,0.0,651.8194945668129
17,2021-07-15,655.1053554322137,541.1519665147384,759.6458720777035,655.1053554322137,655.1053554322137,-8.669034871675203,-8.669034871675203,-8.669034871675203,-8.669034871675203,-8.669034871675203,-8.669034871675203,0.0,0.0,0.0,646.4363205605385
18,2021-07-16,657.6574192559162,530.3096587230064,768.0975962285839,657.6574192559162,657.6574192559162,-14.203283682419192,-14.203283682419192,-14.203283682419192,-14.203283682419192,-14.203283682419192,-14.203283682419192,0.0,0.0,0.0,643.4541355734971
19,2021-07-19,665.313610727024,549.7103863599887,774.3221279619358,665.313610727024,665.313610727024,1.808956045595099,1.808956045595099,1.808956045595099,1.808956045595099,1.808956045595099,1.808956045595099,0.0,0.0,0.0,667.122566772619
20,2021-07-20,667.8656745507266,547.5033985329878,780.5364982380631,667.8656745507266,667.8656745507266,-3.6177922643760927,-3.6177922643760927,-3.6177922643760927,-3.6177922643760927,-3.6177922643760927,-3.6177922643760927,0.0,0.0,0.0,664.2478822863504
21,2021-07-21,670.4177383744291,557.1197307097037,786.3984366845247,670.4177383744291,670.4177383744291,-0.7337970417059246,-0.7337970417059246,-0.7337970417059246,-0.7337970417059246,-0.7337970417059246,-0.7337970417059246,0.0,0.0,0.0,669.6839413327232
22,2021-07-22,672.9698021981318,550.0978581208489,768.686498415472,672.9698021981318,672.9698021981318,-8.669034871696958,-8.669034871696958,-8.669034871696958,-8.669034871696958,-8.669034871696958,-8.669034871696958,0.0,0.0,0.0,664.3007673264349
23,2021-07-23,675.5218660218343,536.6684159045067,771.6160059319247,675.5218660218343,675.5218660218343,-14.203283682402544,-14.203283682402544,-14.203283682402544,-14.203283682402544,-14.203283682402544,-14.203283682402544,0.0,0.0,0.0,661.3185823394317
24,2021-07-26,683.178057492942,578.7728639599518,798.329419124086,683.178057492942,683.178057492942,1.8089560455993945,1.8089560455993945,1.8089560455993945,1.8089560455993945,1.8089560455993945,1.8089560455993945,0.0,0.0,0.0,684.9870135385414
25,2021-07-27,685.7303406947224,574.2476803605842,798.1332462663855,685.7303406947224,685.7303406947224,-3.6177922643449762,-3.6177922643449762,-3.6177922643449762,-3.6177922643449762,-3.6177922643449762,-3.6177922643449762,0.0,0.0,0.0,682.1125484303774
26,2021-07-28,688.2826238965029,576.4357268555256,802.8266894063669,688.2826238965029,688.2826238965029,-0.7337970416922713,-0.7337970416922713,-0.7337970416922713,-0.7337970416922713,-0.7337970416922713,-0.7337970416922713,0.0,0.0,0.0,687.5488268548106
27,2021-07-29,690.8349070982833,572.7192446351928,803.8086261646918,690.8349070982833,690.8349070982833,-8.669034871685522,-8.669034871685522,-8.669034871685522,-8.669034871685522,-8.669034871685522,-8.669034871685522,0.0,0.0,0.0,682.1658722265978
28,2021-07-30,693.3871903000637,566.489261288034,788.8503894322732,693.3871903000637,693.3871903000637,-14.203283682450147,-14.203283682450147,-14.203283682450147,-14.203283682450147,-14.203283682450147,-14.203283682450147,0.0,0.0,0.0,679.1839066176136
29,2021-08-02,701.044039905405,580.3014859761594,816.2968079131593,701.044039905405,701.044039905405,1.8089560455670126,1.8089560455670126,1.8089560455670126,1.8089560455670126,1.8089560455670126,1.8089560455670126,0.0,0.0,0.0,702.8529959509721
30,2021-08-03,703.5963231071855,587.807709949893,810.1640956735586,703.5963231071855,703.5963231071855,-3.617792264358045,-3.617792264358045,-3.617792264358045,-3.617792264358045,-3.617792264358045,-3.617792264358045,0.0,0.0,0.0,699.9785308428275
31,2021-08-04,706.148606308966,598.5369408502193,818.1856592878751,706.148606308966,706.148606308966,-0.7337970417215565,-0.7337970417215565,-0.7337970417215565,-0.7337970417215565,-0.7337970417215565,-0.7337970417215565,0.0,0.0,0.0,705.4148092672444
32,2021-08-05,708.7008895107464,583.5527291483547,822.2306815572252,708.7008895107464,708.7008895107464,-8.669034871707279,-8.669034871707279,-8.669034871707279,-8.669034871707279,-8.669034871707279,-8.669034871707279,0.0,0.0,0.0,700.0318546390391
33,2021-08-06,711.2545793702395,580.8080890327035,815.2772200182484,711.2545793702395,711.2545793702395,-14.20328368244193,-14.20328368244193,-14.20328368244193,-14.20328368244193,-14.20328368244193,-14.20328368244193,0.0,0.0,0.0,697.0512956877976
34,2021-08-09,718.9156489487189,606.3610210826091,834.5732536139482,718.9156489487189,718.9156489487189,1.8089560455713094,1.8089560455713094,1.8089560455713094,1.8089560455713094,1.8089560455713094,1.8089560455713094,0.0,0.0,0.0,720.7246049942902
35,2021-08-10,721.469338808212,603.9716966017094,834.5079261434229,721.469338808212,721.469338808212,-3.617792264371022,-3.617792264371022,-3.617792264371022,-3.617792264371022,-3.617792264371022,-3.617792264371022,0.0,0.0,0.0,717.851546543841
36,2021-08-11,724.0230286677051,608.393417031936,844.5461401873434,724.0230286677051,724.0230286677051,-0.7337970417079023,-0.7337970417079023,-0.7337970417079023,-0.7337970417079023,-0.7337970417079023,-0.7337970417079023,0.0,0.0,0.0,723.2892316259972
37,2021-08-12,726.5767185271983,609.7120376663391,839.9792850221556,726.5767185271983,726.5767185271983,-8.669034871712439,-8.669034871712439,-8.669034871712439,-8.669034871712439,-8.669034871712439,-8.669034871712439,0.0,0.0,0.0,717.9076836554858
38,2021-08-13,729.1304083866913,589.6108725039586,821.8113123005116,729.1304083866913,729.1304083866913,-14.203283682433714,-14.203283682433714,-14.203283682433714,-14.203283682433714,-14.203283682433714,-14.203283682433714,0.0,0.0,0.0,714.9271247042576
39,2021-08-16,736.7914779651707,627.3922414719711,848.6453864683366,736.7914779651707,736.7914779651707,1.808956045575604,1.808956045575604,1.808956045575604,1.808956045575604,1.808956045575604,1.808956045575604,0.0,0.0,0.0,738.6004340107463
40,2021-08-17,739.3451678246639,614.9024220524669,852.711106736618,739.3451678246639,739.3451678246639,-3.6177922643619986,-3.6177922643619986,-3.6177922643619986,-3.6177922643619986,-3.6177922643619986,-3.6177922643619986,0.0,0.0,0.0,735.7273755603019
41,2021-08-18,742.0152238912565,622.8183068421057,854.4140961659713,742.0152238912565,742.0152238912565,-0.7337970416995911,-0.7337970416995911,-0.7337970416995911,-0.7337970416995911,-0.7337970416995911,-0.7337970416995911,0.0,0.0,0.0,741.2814268495569
42,2021-08-19,744.6852799578493,621.6622068657315,842.9328622056885,744.6852799578493,744.6852799578493,-8.669034871717598,-8.669034871717598,-8.669034871717598,-8.669034871717598,-8.669034871717598,-8.669034871717598,0.0,0.0,0.0,736.0162450861317
43,2021-08-20,747.3553360244418,619.6262491369282,847.5072979752331,747.3553360244418,747.3553360244418,-14.203283682417064,-14.203283682417064,-14.203283682417064,-14.203283682417064,-14.203283682417064,-14.203283682417064,0.0,0.0,0.0,733.1520523420248
44,2021-08-23,755.3655042242201,636.7823508889072,873.2575319520328,755.3655042242201,755.3655042242201,1.8089560455432232,1.8089560455432232,1.8089560455432232,1.8089560455432232,1.8089560455432232,1.8089560455432232,0.0,0.0,0.0,757.1744602697634
45,2021-08-24,758.0355602908126,642.7869415907826,866.0923960063662,758.0355602908126,758.0355602908126,-3.6177922643529756,-3.6177922643529756,-3.6177922643529756,-3.6177922643529756,-3.6177922643529756,-3.6177922643529756,0.0,0.0,0.0,754.4177680264596
46,2021-08-25,760.7056163574055,638.5679682152353,870.5830061337401,760.7056163574055,760.7056163574055,-0.7337970416859371,-0.7337970416859371,-0.7337970416859371,-0.7337970416859371,-0.7337970416859371,-0.7337970416859371,0.0,0.0,0.0,759.9718193157195
47,2021-08-26,763.375672423998,641.5997959947244,861.103810515129,763.375672423998,763.375672423998,-8.669034871673535,-8.669034871673535,-8.669034871673535,-8.669034871673535,-8.669034871673535,-8.669034871673535,0.0,0.0,0.0,754.7066375523245
48,2021-08-27,766.0457284905907,640.6135664338631,871.7266241661889,766.0457284905907,766.0457284905907,-14.203283682400414,-14.203283682400414,-14.203283682400414,-14.203283682400414,-14.203283682400414,-14.203283682400414,0.0,0.0,0.0,751.8424448081903
49,2021-08-30,774.3152751730745,660.9124230298091,897.4655956984018,774.3152751730745,774.3152751730745,1.8089560455475175,1.8089560455475175,1.8089560455475175,1.8089560455475175,1.8089560455475175,1.8089560455475175,0.0,0.0,0.0,776.124231218622
50,2021-08-31,777.0717907339024,667.4853200491709,888.4117050806802,777.0717907339024,777.0717907339024,-3.6177922643660425,-3.6177922643660425,-3.6177922643660425,-3.6177922643660425,-3.6177922643660425,-3.6177922643660425,0.0,0.0,0.0,773.4539984695364
51,2021-09-01,779.8283062947305,661.2361484688652,900.9720688913151,779.8283062947305,779.8283062947305,-0.733797041715222,-0.733797041715222,-0.733797041715222,-0.733797041715222,-0.733797041715222,-0.733797041715222,0.0,0.0,0.0,779.0945092530153
52,2021-09-02,782.5848218555584,657.236355371265,885.6771965655311,782.5848218555584,782.5848218555584,-8.66903487169529,-8.66903487169529,-8.66903487169529,-8.66903487169529,-8.66903487169529,-8.66903487169529,0.0,0.0,0.0,773.9157869838631
53,2021-09-03,785.3413374163863,662.2707563842812,888.0884115670578,785.3413374163863,785.3413374163863,-14.203283682400635,-14.203283682400635,-14.203283682400635,-14.203283682400635,-14.203283682400635,-14.203283682400635,0.0,0.0,0.0,771.1380537339857
54,2021-09-07,796.367399659698,676.130890417622,910.2191455738916,796.367399659698,796.367399659698,-3.617792264334928,-3.617792264334928,-3.617792264334928,-3.617792264334928,-3.617792264334928,-3.617792264334928,0.0,0.0,0.0,792.749607395363
55,2021-09-08,799.1239152205259,687.542673039277,921.7659285847365,799.1239152205259,799.1239152205259,-0.7337970417015689,-0.7337970417015689,-0.7337970417015689,-0.7337970417015689,-0.7337970417015689,-0.7337970417015689,0.0,0.0,0.0,798.3901181788243
56,2021-09-09,801.880430781354,686.3452994013458,910.8983222996709,801.880430781354,801.880430781354,-8.669034871683856,-8.669034871683856,-8.669034871683856,-8.669034871683856,-8.669034871683856,-8.669034871683856,0.0,0.0,0.0,793.2113959096702
57,2021-09-10,805.079350895023,674.7667255214262,901.9381207501888,805.079350895023,805.079350895023,-14.203283682383985,-14.203283682383985,-14.203283682383985,-14.203283682383985,-14.203283682383985,-14.203283682383985,0.0,0.0,0.0,790.876067212639
58,2021-09-13,814.6761112360305,712.28842901668,937.4120966802157,814.6761112360305,814.6761112360305,1.80895604559212,1.80895604559212,1.80895604559212,1.80895604559212,1.80895604559212,1.80895604559212,0.0,0.0,0.0,816.4850672816226
59,2021-09-14,817.8750313496996,693.6526650698302,930.3624266863003,817.8750313496996,817.8750313496996,-3.6177922643699962,-3.6177922643699962,-3.6177922643699962,-3.6177922643699962,-3.6177922643699962,-3.6177922643699962,0.0,0.0,0.0,814.2572390853296
60,2021-09-15,821.0739514633689,714.8253500644872,945.283012113059,821.0739514633689,821.0739514633689,-0.7337970417093831,-0.7337970417093831,-0.7337970417093831,-0.7337970417093831,-0.7337970417093831,-0.7337970417093831,0.0,0.0,0.0,820.3401544216595
61,2021-09-16,824.2728715770379,703.0627811084577,928.831982696297,824.2728715770379,824.2728715770379,-8.66903487170561,-8.66903487170561,-8.66903487170561,-8.66903487170561,-8.66903487170561,-8.66903487170561,0.0,0.0,0.0,815.6038367053322
62,2021-09-17,827.471791690707,702.9185312160179,930.6532874791897,827.471791690707,827.471791690707,-14.20328368243159,-14.20328368243159,-14.20328368243159,-14.20328368243159,-14.20328368243159,-14.20328368243159,0.0,0.0,0.0,813.2685080082755
63,2021-09-20,837.0685520317145,724.9094629991921,957.5731040488149,837.0685520317145,837.0685520317145,1.8089560455597393,1.8089560455597393,1.8089560455597393,1.8089560455597393,1.8089560455597393,1.8089560455597393,0.0,0.0,0.0,838.8775080772742
64,2021-09-21,840.2674721453835,712.953871648588,950.8282058941656,840.2674721453835,840.2674721453835,-3.617792264383064,-3.617792264383064,-3.617792264383064,-3.617792264383064,-3.617792264383064,-3.617792264383064,0.0,0.0,0.0,836.6496798810005
65,2021-09-22,843.4680745102918,732.8384341038446,961.5869213997511,843.4680745102918,843.4680745102918,-0.733797041701072,-0.733797041701072,-0.733797041701072,-0.733797041701072,-0.733797041701072,-0.733797041701072,0.0,0.0,0.0,842.7342774685907
66,2021-09-23,846.6686768752,729.931808008674,945.2442429974758,846.6686768752,846.6686768752,-8.66903487171077,-8.66903487171077,-8.66903487171077,-8.66903487171077,-8.66903487171077,-8.66903487171077,0.0,0.0,0.0,837.9996420034893
67,2021-09-24,849.8692792401081,733.3811297320419,940.395277888153,849.8692792401081,849.8692792401081,-14.20328368242337,-14.20328368242337,-14.20328368242337,-14.20328368242337,-14.20328368242337,-14.20328368242337,0.0,0.0,0.0,835.6659955576847
68,2021-09-27,859.4710863348324,742.811933653014,976.7857467443715,859.4710863348324,859.4710863348324,1.808956045564035,1.808956045564035,1.808956045564035,1.808956045564035,1.808956045564035,1.808956045564035,0.0,0.0,0.0,861.2800423803965
69,2021-09-28,862.6716886997407,744.1489549503707,971.5723791830433,862.6716886997407,862.6716886997407,-3.6177922643740397,-3.6177922643740397,-3.6177922643740397,-3.6177922643740397,-3.6177922643740397,-3.6177922643740397,0.0,0.0,0.0,859.0538964353666
70,2021-09-29,865.8722910646488,743.06758978719,981.9030913359298,865.8722910646488,865.8722910646488,-0.7337970417088885,-0.7337970417088885,-0.7337970417088885,-0.7337970417088885,-0.7337970417088885,-0.7337970417088885,0.0,0.0,0.0,865.13849402294
71,2021-09-30,869.0728934295569,747.0220714784834,980.2496670768944,869.0728934295569,869.0728934295569,-8.669034871732526,-8.669034871732526,-8.669034871732526,-8.669034871732526,-8.669034871732526,-8.669034871732526,0.0,0.0,0.0,860.4038585578244
72,2021-10-01,872.2734957944651,742.5516705813618,972.5388188274824,872.2734957944651,872.2734957944651,-14.203283682415156,-14.203283682415156,-14.203283682415156,-14.203283682415156,-14.203283682415156,-14.203283682415156,0.0,0.0,0.0,858.07021211205
73,2021-10-04,881.8753029472563,770.5168887041432,991.7510340758691,881.8753029472563,881.8753029472563,1.808956045549992,1.808956045549992,1.808956045549992,1.808956045549992,1.808956045549992,1.808956045549992,0.0,0.0,0.0,883.6842589928062
74,2021-10-05,885.0759053315201,756.1900571810116,1001.3686324125009,885.0759053315201,885.0759053315201,-3.617792264365016,-3.617792264365016,-3.617792264365016,-3.617792264365016,-3.617792264365016,-3.617792264365016,0.0,0.0,0.0,881.4581130671551
75,2021-10-06,888.2765077157837,776.1148342840186,990.6266819063113,888.2765077157837,888.2765077157837,-0.7337970416952331,-0.7337970416952331,-0.7337970416952331,-0.7337970416952331,-0.7337970416952331,-0.7337970416952331,0.0,0.0,0.0,887.5427106740885
76,2021-10-07,891.4771101000476,761.1729027917925,984.6355773513087,891.4771101000476,891.4771101000476,-8.669034871721092,-8.669034871721092,-8.669034871721092,-8.669034871721092,-8.669034871721092,-8.669034871721092,0.0,0.0,0.0,882.8080752283265
77,2021-10-08,894.6777124843113,770.9021985221821,1006.125801267644,894.6777124843113,894.6777124843113,-14.203283682454327,-14.203283682454327,-14.203283682454327,-14.203283682454327,-14.203283682454327,-14.203283682454327,0.0,0.0,0.0,880.474428801857
78,2021-10-11,904.2795196371026,798.7112458450162,1019.7755350171203,904.2795196371026,904.2795196371026,1.8089560455903,1.8089560455903,1.8089560455903,1.8089560455903,1.8089560455903,1.8089560455903,0.0,0.0,0.0,906.0884756826929
79,2021-10-12,907.4801220213662,789.2462883938377,1023.175038901553,907.4801220213662,907.4801220213662,-3.6177922643559937,-3.6177922643559937,-3.6177922643559937,-3.6177922643559937,-3.6177922643559937,-3.6177922643559937,0.0,0.0,0.0,903.8623297570102
80,2021-10-13,910.6807244056301,798.2813607556232,1033.2484030284515,910.6807244056301,910.6807244056301,-0.7337970417245183,-0.7337970417245183,-0.7337970417245183,-0.7337970417245183,-0.7337970417245183,-0.7337970417245183,0.0,0.0,0.0,909.9469273639056
81,2021-10-14,913.8813268036688,790.1193250529346,1024.4109207596796,913.8813268036688,913.8813268036688,-8.66903487169362,-8.66903487169362,-8.66903487169362,-8.66903487169362,-8.66903487169362,-8.66903487169362,0.0,0.0,0.0,905.2122919319752
82,2021-10-15,917.0819292017075,794.7363244995944,1017.572116742234,917.0819292017075,917.0819292017075,-14.203283682454547,-14.203283682454547,-14.203283682454547,-14.203283682454547,-14.203283682454547,-14.203283682454547,0.0,0.0,0.0,902.8786455192529
83,2021-10-18,926.6837363958232,820.8150761568714,1032.3632271962874,926.6837363958232,926.6837363958232,1.808956045576256,1.808956045576256,1.808956045576256,1.808956045576256,1.808956045576256,1.808956045576256,0.0,0.0,0.0,928.4926924413994
84,2021-10-19,929.8843387938618,810.1480593285703,1043.2181096937104,929.8843387938618,929.8843387938618,-3.6177922643910616,-3.6177922643910616,-3.6177922643910616,-3.6177922643910616,-3.6177922643910616,-3.6177922643910616,0.0,0.0,0.0,926.2665465294708
85,2021-10-20,933.0849411919005,818.4671258166586,1046.0677122939699,933.0849411919005,933.0849411919005,-0.733797041710865,-0.733797041710865,-0.733797041710865,-0.733797041710865,-0.733797041710865,-0.733797041710865,0.0,0.0,0.0,932.3511441501896
86,2021-10-21,936.2855435899392,809.3282104599458,1036.7383230206542,936.2855435899392,936.2855435899392,-8.669034871698782,-8.669034871698782,-8.669034871698782,-8.669034871698782,-8.669034871698782,-8.669034871698782,0.0,0.0,0.0,927.6165087182404
87,2021-10-22,939.4861459879778,808.9758611391443,1038.232438746041,939.4861459879778,939.4861459879778,-14.203283682437899,-14.203283682437899,-14.203283682437899,-14.203283682437899,-14.203283682437899,-14.203283682437899,0.0,0.0,0.0,925.2828623055399
88,2021-10-25,949.0879531820937,837.9501864501657,1072.9946478805302,949.0879531820937,949.0879531820937,1.80895604558055,1.80895604558055,1.80895604558055,1.80895604558055,1.80895604558055,1.80895604558055,0.0,0.0,0.0,950.8969092276742
89,2021-10-26,952.2885554191093,835.9829163284111,1057.8049961509007,952.2885554191093,952.2885554191093,-3.6177922643599474,-3.6177922643599474,-3.6177922643599474,-3.6177922643599474,-3.6177922643599474,-3.6177922643599474,0.0,0.0,0.0,948.6707631547494
90,2021-10-27,955.4891576561249,840.3313486885488,1071.9377865121814,955.4891576561249,955.4891576561249,-0.7337970416972108,-0.7337970416972108,-0.7337970416972108,-0.7337970416972108,-0.7337970416972108,-0.7337970416972108,0.0,0.0,0.0,954.7553606144277
91,2021-10-28,958.6897598931404,840.1585885663656,1063.7847874029262,958.6897598931404,958.6897598931404,-8.669034871703943,-8.669034871703943,-8.669034871703943,-8.669034871703943,-8.669034871703943,-8.669034871703943,0.0,0.0,0.0,950.0207250214364
92,2021-10-29,961.8903621301562,837.669890513131,1055.2736625477944,961.8903621301562,961.8903621301562,-14.203283682429682,-14.203283682429682,-14.203283682429682,-14.203283682429682,-14.203283682429682,-14.203283682429682,0.0,0.0,0.0,947.6870784477265
93,2021-11-01,971.492168841203,869.271296095371,1086.934198314979,971.492168841203,971.492168841203,1.8089560455481715,1.8089560455481715,1.8089560455481715,1.8089560455481715,1.8089560455481715,1.8089560455481715,0.0,0.0,0.0,973.3011248867512
94,2021-11-02,974.6927710782187,856.933230344349,1079.8243660687253,974.6927710782187,974.6927710782187,-3.617792264373014,-3.617792264373014,-3.617792264373014,-3.617792264373014,-3.617792264373014,-3.617792264373014,0.0,0.0,0.0,971.0749788138456
95,2021-11-03,977.8933733152343,870.0130996535959,1084.2227032369517,977.8933733152343,977.8933733152343,-0.7337970417050261,-0.7337970417050261,-0.7337970417050261,-0.7337970417050261,-0.7337970417050261,-0.7337970417050261,0.0,0.0,0.0,977.1595762735293
96,2021-11-04,981.0939755522497,855.8313638086356,1081.981036158418,981.0939755522497,981.0939755522497,-8.669034871659877,-8.669034871659877,-8.669034871659877,-8.669034871659877,-8.669034871659877,-8.669034871659877,0.0,0.0,0.0,972.4249406805899
97,2021-11-05,983.722314709919,862.170837709234,1084.3846772638813,983.722314709919,983.722314709919,-14.203283682413032,-14.203283682413032,-14.203283682413032,-14.203283682413032,-14.203283682413032,-14.203283682413032,0.0,0.0,0.0,969.519031027506
98,2021-11-08,991.6073321829267,872.980525524413,1111.154758019661,991.6073321829267,991.6073321829267,1.8089560455524654,1.8089560455524654,1.8089560455524654,1.8089560455524654,1.8089560455524654,1.8089560455524654,0.0,0.0,0.0,993.4162882284792
99,2021-11-09,994.2356713405959,882.2914861986147,1106.2798914733305,994.2356713405959,994.2356713405959,-3.6177922643639913,-3.6177922643639913,-3.6177922643639913,-3.6177922643639913,-3.6177922643639913,-3.6177922643639913,0.0,0.0,0.0,990.6178790762319
100,2021-11-10,996.8640104982652,878.2199890230341,1105.5954410310417,996.8640104982652,996.8640104982652,-0.7337970416967151,-0.7337970416967151,-0.7337970416967151,-0.7337970416967151,-0.7337970416967151,-0.7337970416967151,0.0,0.0,0.0,996.1302134565685
101,2021-11-11,999.4923496559344,882.02200477171,1114.4744988945122,999.4923496559344,999.4923496559344,-8.669034871681632,-8.669034871681632,-8.669034871681632,-8.669034871681632,-8.669034871681632,-8.669034871681632,0.0,0.0,0.0,990.8233147842527
102,2021-11-12,1002.1206888136037,872.1954485833088,1108.6767015679368,1002.1206888136037,1002.1206888136037,-14.20328368241325,-14.20328368241325,-14.20328368241325,-14.20328368241325,-14.20328368241325,-14.20328368241325,0.0,0.0,0.0,987.9174051311904
103,2021-11-15,1010.0057062866111,902.7077078187783,1124.9895096082594,1010.0057062866111,1010.0057062866111,1.8089560455927711,1.8089560455927711,1.8089560455927711,1.8089560455927711,1.8089560455927711,1.8089560455927711,0.0,0.0,0.0,1011.814662332204
104,2021-11-16,1012.6340454442804,902.4511310435669,1124.567365316608,1012.6340454442804,1012.6340454442804,-3.6177922643549674,-3.6177922643549674,-3.6177922643549674,-3.6177922643549674,-3.6177922643549674,-3.6177922643549674,0.0,0.0,0.0,1009.0162531799255
105,2021-11-17,1014.004711328931,898.6786625090363,1123.8350831353807,1014.004711328931,1014.004711328931,-0.7337970417045308,-0.7337970417045308,-0.7337970417045308,-0.7337970417045308,-0.7337970417045308,-0.7337970417045308,0.0,0.0,0.0,1013.2709142872264
106,2021-11-18,1015.3753772135814,893.5446639081574,1116.2281471944939,1015.3753772135814,1015.3753772135814,-8.669034871670199,-8.669034871670199,-8.669034871670199,-8.669034871670199,-8.669034871670199,-8.669034871670199,0.0,0.0,0.0,1006.7063423419112
107,2021-11-19,1016.7460430982319,891.0534618055483,1116.0932216389685,1016.7460430982319,1016.7460430982319,-14.203283682396604,-14.203283682396604,-14.203283682396604,-14.203283682396604,-14.203283682396604,-14.203283682396604,0.0,0.0,0.0,1002.5427594158352
108,2021-11-22,1020.8580407521833,905.9961364926278,1136.1759058530909,1020.8580407521833,1020.8580407521833,1.808956045597065,1.808956045597065,1.808956045597065,1.808956045597065,1.808956045597065,1.808956045597065,0.0,0.0,0.0,1022.6669967977804
109,2021-11-23,1022.2287066368339,905.2704570154161,1128.4840707001226,1022.2287066368339,1022.2287066368339,-3.6177922643459435,-3.6177922643459435,-3.6177922643459435,-3.6177922643459435,-3.6177922643459435,-3.6177922643459435,0.0,0.0,0.0,1018.610914372488
110,2021-11-24,1023.5993725214843,912.4315599561461,1136.5562776491618,1023.5993725214843,1023.5993725214843,-0.7337970416908784,-0.7337970416908784,-0.7337970416908784,-0.7337970416908784,-0.7337970416908784,-0.7337970416908784,0.0,0.0,0.0,1022.8655754797934
111,2021-11-26,1026.3407042907852,902.3133368279274,1130.3836091288733,1026.3407042907852,1026.3407042907852,-14.203283682444205,-14.203283682444205,-14.203283682444205,-14.203283682444205,-14.203283682444205,-14.203283682444205,0.0,0.0,0.0,1012.137420608341
112,2021-11-29,1030.4527019447366,921.1828091741002,1142.3089111178158,1030.4527019447366,1030.4527019447366,1.8089560455646858,1.8089560455646858,1.8089560455646858,1.8089560455646858,1.8089560455646858,1.8089560455646858,0.0,0.0,0.0,1032.2616579903013
113,2021-11-30,1030.545490972798,919.4937882641335,1140.2637321433642,1030.545490972798,1030.545490972798,-3.6177922643590112,-3.6177922643590112,-3.6177922643590112,-3.6177922643590112,-3.6177922643590112,-3.6177922643590112,0.0,0.0,0.0,1026.927698708439
114,2021-12-01,1030.6382800008594,906.1003339099607,1139.4197409895924,1030.6382800008594,1030.6382800008594,-0.7337970417040351,-0.7337970417040351,-0.7337970417040351,-0.7337970417040351,-0.7337970417040351,-0.7337970417040351,0.0,0.0,0.0,1029.9044829591553
115,2021-12-02,1030.7310690289207,900.8091600165711,1139.6606427111842,1030.7310690289207,1030.7310690289207,-8.669034871713707,-8.669034871713707,-8.669034871713707,-8.669034871713707,-8.669034871713707,-8.669034871713707,0.0,0.0,0.0,1022.062034157207
116,2021-12-03,1030.8238580569819,898.021353308745,1138.6052667321735,1030.8238580569819,1030.8238580569819,-14.203283682435991,-14.203283682435991,-14.203283682435991,-14.203283682435991,-14.203283682435991,-14.203283682435991,0.0,0.0,0.0,1016.6205743745459
117,2021-12-06,1031.102225141166,920.8873647688101,1147.633763335617,1031.102225141166,1031.102225141166,1.8089560455689793,1.8089560455689793,1.8089560455689793,1.8089560455689793,1.8089560455689793,1.8089560455689793,0.0,0.0,0.0,1032.911181186735
118,2021-12-07,1031.1950141692273,920.7301385204968,1141.9802424023449,1031.1950141692273,1031.1950141692273,-3.617792264349898,-3.617792264349898,-3.617792264349898,-3.617792264349898,-3.617792264349898,-3.617792264349898,0.0,0.0,0.0,1027.5772219048774
119,2021-12-08,1031.2878031972884,914.6526113669224,1141.710480266355,1031.2878031972884,1031.2878031972884,-0.733797041690382,-0.733797041690382,-0.733797041690382,-0.733797041690382,-0.733797041690382,-0.733797041690382,0.0,0.0,0.0,1030.554006155598
120,2021-12-09,1031.3805922253498,906.8777234110943,1139.7655047851524,1031.3805922253498,1031.3805922253498,-8.669034871718868,-8.669034871718868,-8.669034871718868,-8.669034871718868,-8.669034871718868,-8.669034871718868,0.0,0.0,0.0,1022.711557353631
121,2021-12-10,1030.6560069635377,900.5940838842356,1124.8706337772092,1030.6560069635377,1030.6560069635377,-14.203283682427776,-14.203283682427776,-14.203283682427776,-14.203283682427776,-14.203283682427776,-14.203283682427776,0.0,0.0,0.0,1016.4527232811099
122,2021-12-13,1028.482251178101,911.4481168466106,1141.1571243936567,1028.482251178101,1028.482251178101,1.8089560455732747,1.8089560455732747,1.8089560455732747,1.8089560455732747,1.8089560455732747,1.8089560455732747,0.0,0.0,0.0,1030.2912072236743
123,2021-12-14,1027.7576659162887,918.4916318716109,1135.765563984068,1027.7576659162887,1027.7576659162887,-3.617792264362965,-3.617792264362965,-3.617792264362965,-3.617792264362965,-3.617792264362965,-3.617792264362965,0.0,0.0,0.0,1024.1398736519257
124,2021-12-15,1027.0330806544764,908.7158694840908,1139.847038962917,1027.0330806544764,1027.0330806544764,-0.7337970416981963,-0.7337970416981963,-0.7337970416981963,-0.7337970416981963,-0.7337970416981963,-0.7337970416981963,0.0,0.0,0.0,1026.2992836127783
125,2021-12-16,1026.3084953926643,904.0871547855428,1130.207378520488,1026.3084953926643,1026.3084953926643,-8.66903487172403,-8.66903487172403,-8.66903487172403,-8.66903487172403,-8.66903487172403,-8.66903487172403,0.0,0.0,0.0,1017.6394605209402
126,2021-12-17,1025.583910130852,896.3821183674614,1126.5187090165236,1025.583910130852,1025.583910130852,-14.203283682411124,-14.203283682411124,-14.203283682411124,-14.203283682411124,-14.203283682411124,-14.203283682411124,0.0,0.0,0.0,1011.3806264484409
127,2021-12-20,1023.4101543454154,907.9881098594624,1143.5661792561748,1023.4101543454154,1023.4101543454154,1.808956045540894,1.808956045540894,1.808956045540894,1.808956045540894,1.808956045540894,1.808956045540894,0.0,0.0,0.0,1025.2191103909563
128,2021-12-21,1022.6855690836031,903.3902950268119,1131.8924280465303,1022.6855690836031,1022.6855690836031,-3.617792264353941,-3.617792264353941,-3.617792264353941,-3.617792264353941,-3.617792264353941,-3.617792264353941,0.0,0.0,0.0,1019.0677768192492
129,2021-12-22,1021.6417060188284,911.1736912124746,1134.4972020133057,1021.6417060188284,1021.6417060188284,-0.7337970417060116,-0.7337970417060116,-0.7337970417060116,-0.7337970417060116,-0.7337970417060116,-0.7337970417060116,0.0,0.0,0.0,1020.9079089771224
130,2021-12-23,1020.5978429540535,901.3255777133621,1128.1753799988214,1020.5978429540535,1020.5978429540535,-8.669034871679964,-8.669034871679964,-8.669034871679964,-8.669034871679964,-8.669034871679964,-8.669034871679964,0.0,0.0,0.0,1011.9288080823735
131,2021-12-27,1016.4223906949541,900.4358586115004,1135.9087530857732,1016.4223906949541,1016.4223906949541,1.8089560455451905,1.8089560455451905,1.8089560455451905,1.8089560455451905,1.8089560455451905,1.8089560455451905,0.0,0.0,0.0,1018.2313467404992
132,2021-12-28,1015.3785276301794,894.2021185686475,1131.7143238439703,1015.3785276301794,1015.3785276301794,-3.617792264389009,-3.617792264389009,-3.617792264389009,-3.617792264389009,-3.617792264389009,-3.617792264389009,0.0,0.0,0.0,1011.7607353657904
133,2021-12-29,1014.3346645654045,903.0862611641371,1138.803320995078,1014.3346645654045,1014.3346645654045,-0.7337970417138271,-0.7337970417138271,-0.7337970417138271,-0.7337970417138271,-0.7337970417138271,-0.7337970417138271,0.0,0.0,0.0,1013.6008675236907
134,2021-12-30,1013.2908015006296,894.067397648441,1124.8887042578244,1013.2908015006296,1013.2908015006296,-8.669034871701719,-8.669034871701719,-8.669034871701719,-8.669034871701719,-8.669034871701719,-8.669034871701719,0.0,0.0,0.0,1004.621766628928
135,2021-12-31,1012.2469384358548,882.97655413873,1113.895738353891,1012.2469384358548,1012.2469384358548,-14.203283682394696,-14.203283682394696,-14.203283682394696,-14.203283682394696,-14.203283682394696,-14.203283682394696,0.0,0.0,0.0,998.04365475346
136,2022-01-03,1009.1153492415303,900.4346079171918,1120.4199261409144,1009.1153492415303,1009.1153492415303,1.8089560455854965,1.8089560455854965,1.8089560455854965,1.8089560455854965,1.8089560455854965,1.8089560455854965,0.0,0.0,0.0,1010.9243052871159
137,2022-01-04,1008.0709663803452,897.0851855972512,1121.311889604372,1008.0709663803452,1008.0709663803452,-3.6177922643578957,-3.6177922643578957,-3.6177922643578957,-3.6177922643578957,-3.6177922643578957,-3.6177922643578957,0.0,0.0,0.0,1004.4531741159873
138,2022-01-05,1007.02658351916,894.8826124800827,1114.708480893158,1007.02658351916,1007.02658351916,-0.7337970417001739,-0.7337970417001739,-0.7337970417001739,-0.7337970417001739,-0.7337970417001739,-0.7337970417001739,0.0,0.0,0.0,1006.2927864774598
139,2022-01-06,1005.9822006579749,887.8617830165897,1115.1583794845876,1005.9822006579749,1005.9822006579749,-8.669034871690284,-8.669034871690284,-8.669034871690284,-8.669034871690284,-8.669034871690284,-8.669034871690284,0.0,0.0,0.0,997.3131657862846
140,2022-01-07,1004.9378177967897,883.3004339615466,1106.2116458230958,1004.9378177967897,1004.9378177967897,-14.203283682378046,-14.203283682378046,-14.203283682378046,-14.203283682378046,-14.203283682378046,-14.203283682378046,0.0,0.0,0.0,990.7345341144116
141,2022-01-10,1001.8046692132342,887.7656435554213,1116.073970121919,1001.8046692132342,1001.8046692132342,1.8089560455714533,1.8089560455714533,1.8089560455714533,1.8089560455714533,1.8089560455714533,1.8089560455714533,0.0,0.0,0.0,1003.6136252588057
142,2022-01-11,1000.7602863520489,877.1334916732726,1110.6458645108207,1000.7602863520489,1000.7602863520489,-3.6177922643709626,-3.6177922643709626,-3.6177922643709626,-3.6177922643709626,-3.6177922643709626,-3.6177922643709626,0.0,0.0,0.0,997.1424940876778
143,2022-01-12,999.7159034908638,877.5049576611787,1103.884127630939,999.7159034908638,999.7159034908638,-0.7337970417079882,-0.7337970417079882,-0.7337970417079882,-0.7337970417079882,-0.7337970417079882,-0.7337970417079882,0.0,0.0,0.0,998.9821064491557
144,2022-01-13,998.6715206296785,875.6758961964872,1104.6411141135532,998.6715206296785,998.6715206296785,-8.669034871712041,-8.669034871712041,-8.669034871712041,-8.669034871712041,-8.669034871712041,-8.669034871712041,0.0,0.0,0.0,990.0024857579665
145,2022-01-14,997.6271376715498,874.9719864869306,1094.5202836647702,997.6271376715498,997.6271376715498,-14.20328368242565,-14.20328368242565,-14.20328368242565,-14.20328368242565,-14.20328368242565,-14.20328368242565,0.0,0.0,0.0,983.4238539891242
146,2022-01-18,993.4496058390347,869.0470323512938,1099.5683131036953,993.4496058390347,993.4496058390347,-3.617792264384031,-3.617792264384031,-3.617792264384031,-3.617792264384031,-3.617792264384031,-3.617792264384031,0.0,0.0,0.0,989.8318135746507
147,2022-01-19,992.4052228809057,883.5312809200348,1108.0728979563528,992.4052228809057,992.4052228809057,-0.7337970416996771,-0.7337970416996771,-0.7337970416996771,-0.7337970416996771,-0.7337970416996771,-0.7337970416996771,0.0,0.0,0.0,991.6714258392061
148,2022-01-20,991.360839922777,876.5795335519823,1092.3631749750523,991.360839922777,991.360839922777,-8.6690348717172,-8.6690348717172,-8.6690348717172,-8.6690348717172,-8.6690348717172,-8.6690348717172,0.0,0.0,0.0,982.6918050510599
149,2022-01-21,990.3164569646483,858.4612919584724,1098.0455912633772,990.3164569646483,990.3164569646483,-14.203283682417434,-14.203283682417434,-14.203283682417434,-14.203283682417434,-14.203283682417434,-14.203283682417434,0.0,0.0,0.0,976.1131732822308
150,2022-01-24,987.1833080902619,871.7984470372049,1099.514422726549,987.1833080902619,987.1833080902619,1.8089560456160558,1.8089560456160558,1.8089560456160558,1.8089560456160558,1.8089560456160558,1.8089560456160558,0.0,0.0,0.0,988.9922641358779
151,2022-01-25,986.1389251321331,868.7049684865272,1084.021931789546,986.1389251321331,986.1389251321331,-3.6177922643529152,-3.6177922643529152,-3.6177922643529152,-3.6177922643529152,-3.6177922643529152,-3.6177922643529152,0.0,0.0,0.0,982.5211328677801
152,2022-01-26,985.0945421740043,883.5346052865285,1100.5556634599068,985.0945421740043,985.0945421740043,-0.7337970417074936,-0.7337970417074936,-0.7337970417074936,-0.7337970417074936,-0.7337970417074936,-0.7337970417074936,0.0,0.0,0.0,984.3607451322969
153,2022-01-27,984.0501592777852,859.6279692721201,1091.4463307830638,984.0501592777852,984.0501592777852,-8.66903487172236,-8.66903487172236,-8.66903487172236,-8.66903487172236,-8.66903487172236,-8.66903487172236,0.0,0.0,0.0,975.3811244060628
154,2022-01-28,983.0057763815661,853.5814022258663,1083.4968703099469,983.0057763815661,983.0057763815661,-14.203283682409216,-14.203283682409216,-14.203283682409216,-14.203283682409216,-14.203283682409216,-14.203283682409216,0.0,0.0,0.0,968.8024926991569
155,2022-01-31,979.8726276929087,868.7299451311352,1090.3234307180726,979.8726276929087,979.8726276929087,1.8089560456020128,1.8089560456020128,1.8089560456020128,1.8089560456020128,1.8089560456020128,1.8089560456020128,0.0,0.0,0.0,981.6815837385108
156,2022-02-01,978.8282447966897,862.6385438477811,1094.1773866106537,978.8282447966897,978.8282447966897,-3.617792264365983,-3.617792264365983,-3.617792264365983,-3.617792264365983,-3.617792264365983,-3.617792264365983,0.0,0.0,0.0,975.2104525323236
157,2022-02-02,977.7838619004706,866.0022086775259,1088.5036899906904,977.7838619004706,977.7838619004706,-0.7337970416938403,-0.7337970416938403,-0.7337970416938403,-0.7337970416938403,-0.7337970416938403,-0.7337970416938403,0.0,0.0,0.0,977.0500648587768
158,2022-02-03,976.7394790042515,850.0408719533099,1079.2281769446022,976.7394790042515,976.7394790042515,-8.669034871727519,-8.669034871727519,-8.669034871727519,-8.669034871727519,-8.669034871727519,-8.669034871727519,0.0,0.0,0.0,968.070444132524
159,2022-02-04,975.6950961080322,849.9584388440777,1068.9420719570926,975.6950961080322,975.6950961080322,-14.203283682448388,-14.203283682448388,-14.203283682448388,-14.203283682448388,-14.203283682448388,-14.203283682448388,0.0,0.0,0.0,961.4918124255838
160,2022-02-07,972.561947419375,868.1515579978168,1093.273354873798,972.561947419375,972.561947419375,1.8089560455879699,1.8089560455879699,1.8089560455879699,1.8089560455879699,1.8089560455879699,1.8089560455879699,0.0,0.0,0.0,974.3709034649629
161,2022-02-08,971.5175644960134,855.4628595725085,1075.766380965036,971.5175644960134,971.5175644960134,-3.61779226435696,-3.61779226435696,-3.61779226435696,-3.61779226435696,-3.61779226435696,-3.61779226435696,0.0,0.0,0.0,967.8997722316565
162,2022-02-09,970.4731815726516,858.899872036259,1090.1443589032906,970.4731815726516,970.4731815726516,-0.7337970417231237,-0.7337970417231237,-0.7337970417231237,-0.7337970417231237,-0.7337970417231237,-0.7337970417231237,0.0,0.0,0.0,969.7393845309284
163,2022-02-10,969.4287986492899,847.8152776177222,1071.238331623054,969.4287986492899,969.4287986492899,-8.66903487170005,-8.66903487170005,-8.66903487170005,-8.66903487170005,-8.66903487170005,-8.66903487170005,0.0,0.0,0.0,960.7597637775898
164,2022-02-11,968.3844157259282,834.5701483803155,1061.4665949899145,968.3844157259282,968.3844157259282,-14.203283682448607,-14.203283682448607,-14.203283682448607,-14.203283682448607,-14.203283682448607,-14.203283682448607,0.0,0.0,0.0,954.1811320434796
165,2022-02-14,965.2512669558433,852.0146238230959,1076.8844251638395,965.2512669558433,965.2512669558433,1.8089560455739278,1.8089560455739278,1.8089560455739278,1.8089560455739278,1.8089560455739278,1.8089560455739278,0.0,0.0,0.0,967.0602230014173
166,2022-02-15,964.2068840324815,842.0758635282416,1071.5325600286144,964.2068840324815,964.2068840324815,-3.6177922643699363,-3.6177922643699363,-3.6177922643699363,-3.6177922643699363,-3.6177922643699363,-3.6177922643699363,0.0,0.0,0.0,960.5890917681116
167,2022-02-16,963.1625011091198,840.7270938920648,1079.5759088190548,963.1625011091198,963.1625011091198,-0.73379704170947,-0.73379704170947,-0.73379704170947,-0.73379704170947,-0.73379704170947,-0.73379704170947,0.0,0.0,0.0,962.4287040674103
168,2022-02-17,962.1181181857582,839.4448660998602,1066.9608491341148,962.1181181857582,962.1181181857582,-8.669034871705211,-8.669034871705211,-8.669034871705211,-8.669034871705211,-8.669034871705211,-8.669034871705211,0.0,0.0,0.0,953.449083314053
169,2022-02-18,961.0737352534053,839.5783440413205,1066.2226089419119,961.0737352534053,961.0737352534053,-14.203283682431957,-14.203283682431957,-14.203283682431957,-14.203283682431957,-14.203283682431957,-14.203283682431957,0.0,0.0,0.0,946.8704515709734
170,2022-02-22,956.8962035239939,838.7457394883554,1061.4916676416935,956.8962035239939,956.8962035239939,-3.6177922643609137,-3.6177922643609137,-3.6177922643609137,-3.6177922643609137,-3.6177922643609137,-3.6177922643609137,0.0,0.0,0.0,953.278411259633
171,2022-02-23,955.8518205916411,833.9325147226767,1072.4062877193257,955.8518205916411,955.8518205916411,-0.7337970416958158,-0.7337970416958158,-0.7337970416958158,-0.7337970416958158,-0.7337970416958158,-0.7337970416958158,0.0,0.0,0.0,955.1180235499453
172,2022-02-24,954.8074376592882,832.1363576694788,1057.9949815675707,954.8074376592882,954.8074376592882,-8.669034871710371,-8.669034871710371,-8.669034871710371,-8.669034871710371,-8.669034871710371,-8.669034871710371,0.0,0.0,0.0,946.1384027875779
173,2022-02-25,953.7630547269354,817.8612958119837,1059.5990046199802,953.7630547269354,953.7630547269354,-14.203283682423741,-14.203283682423741,-14.203283682423741,-14.203283682423741,-14.203283682423741,-14.203283682423741,0.0,0.0,0.0,939.5597710445116
174,2022-02-28,950.6299059298767,838.6706959862925,1065.3825436719114,950.6299059298767,950.6299059298767,1.8089560455458404,1.8089560455458404,1.8089560455458404,1.8089560455458404,1.8089560455458404,1.8089560455458404,0.0,0.0,0.0,952.4388619754226
175,2022-03-01,949.585522997524,838.1686960701422,1054.1237859017817,949.585522997524,949.585522997524,-3.6177922643739806,-3.6177922643739806,-3.6177922643739806,-3.6177922643739806,-3.6177922643739806,-3.6177922643739806,0.0,0.0,0.0,945.96773073315
176,2022-03-02,948.541140065171,841.2014548138208,1064.357565527314,948.541140065171,948.541140065171,-0.7337970417251012,-0.7337970417251012,-0.7337970417251012,-0.7337970417251012,-0.7337970417251012,-0.7337970417251012,0.0,0.0,0.0,947.8073430234459
177,2022-03-03,947.4967571423277,829.9473627708078,1062.828979184547,947.4967571423277,947.4967571423277,-8.669034871666307,-8.669034871666307,-8.669034871666307,-8.669034871666307,-8.669034871666307,-8.669034871666307,0.0,0.0,0.0,938.8277222706614
178,2022-03-04,946.4523742194846,817.7619950047842,1040.2160876111761,946.4523742194846,946.4523742194846,-14.203283682415526,-14.203283682415526,-14.203283682415526,-14.203283682415526,-14.203283682415526,-14.203283682415526,0.0,0.0,0.0,932.249090537069
179,2022-03-07,943.3192254509547,825.9437132261409,1056.8392629617088,943.3192254509547,943.3192254509547,1.808956045550137,1.808956045550137,1.808956045550137,1.808956045550137,1.808956045550137,1.808956045550137,0.0,0.0,0.0,945.1281814965049
180,2022-03-08,942.2748425281115,821.3381618727043,1045.5075413316033,942.2748425281115,942.2748425281115,-3.6177922643649567,-3.6177922643649567,-3.6177922643649567,-3.6177922643649567,-3.6177922643649567,-3.6177922643649567,0.0,0.0,0.0,938.6570502637466
181,2022-03-09,941.2304596052684,827.2157877543445,1057.5783376536738,941.2304596052684,941.2304596052684,-0.7337970416953191,-0.7337970416953191,-0.7337970416953191,-0.7337970416953191,-0.7337970416953191,-0.7337970416953191,0.0,0.0,0.0,940.4966625635731
182,2022-03-10,940.1860766824251,815.9920085363705,1047.4642628654851,940.1860766824251,940.1860766824251,-8.669034871688062,-8.669034871688062,-8.669034871688062,-8.669034871688062,-8.669034871688062,-8.669034871688062,0.0,0.0,0.0,931.517041810737
183,2022-03-11,939.1416937595818,809.7051513496472,1037.4934521648565,939.1416937595818,939.1416937595818,-14.20328368240731,-14.20328368240731,-14.20328368240731,-14.20328368240731,-14.20328368240731,-14.20328368240731,0.0,0.0,0.0,924.9384100771745
184,2022-03-14,936.0085449910521,824.9706840024974,1042.4916855605977,936.0085449910521,936.0085449910521,1.8089560455904428,1.8089560455904428,1.8089560455904428,1.8089560455904428,1.8089560455904428,1.8089560455904428,0.0,0.0,0.0,937.8175010366425
185,2022-03-15,934.9641620447454,816.0324180111667,1039.4815353497595,934.9641620447454,934.9641620447454,-3.6177922643559337,-3.6177922643559337,-3.6177922643559337,-3.6177922643559337,-3.6177922643559337,-3.6177922643559337,0.0,0.0,0.0,931.3463697803895
186,2022-03-16,933.9197790984389,812.723473199316,1036.0890367968211,933.9197790984389,933.9197790984389,-0.7337970417031358,-0.7337970417031358,-0.7337970417031358,-0.7337970417031358,-0.7337970417031358,-0.7337970417031358,0.0,0.0,0.0,933.1859820567357
187,2022-03-17,932.8753961521321,812.4465114648602,1042.6537916900788,932.8753961521321,932.8753961521321,-8.669034871676628,-8.669034871676628,-8.669034871676628,-8.669034871676628,-8.669034871676628,-8.669034871676628,0.0,0.0,0.0,924.2063612804554
188,2022-03-18,931.8310132058255,802.0533640791074,1033.1411043374953,931.8310132058255,931.8310132058255,-14.203283682390662,-14.203283682390662,-14.203283682390662,-14.203283682390662,-14.203283682390662,-14.203283682390662,0.0,0.0,0.0,917.6277295234348
189,2022-03-21,928.6978643669055,813.5045460718121,1043.325042877965,928.6978643669055,928.6978643669055,1.8089560455763989,1.8089560455763989,1.8089560455763989,1.8089560455763989,1.8089560455763989,1.8089560455763989,0.0,0.0,0.0,930.5068204124819
190,2022-03-22,927.653481420599,814.3123023366467,1033.6387379099147,927.653481420599,927.653481420599,-3.61779226434691,-3.61779226434691,-3.61779226434691,-3.61779226434691,-3.61779226434691,-3.61779226434691,0.0,0.0,0.0,924.035689156252
191,2022-03-23,926.6090984742923,817.7934520945137,1046.4551992010604,926.6090984742923,926.6090984742923,-0.7337970416894823,-0.7337970416894823,-0.7337970416894823,-0.7337970416894823,-0.7337970416894823,-0.7337970416894823,0.0,0.0,0.0,925.8753014326028
192,2022-03-24,925.5647155279858,803.5129582111176,1025.2456543754747,925.5647155279858,925.5647155279858,-8.669034871698381,-8.669034871698381,-8.669034871698381,-8.669034871698381,-8.669034871698381,-8.669034871698381,0.0,0.0,0.0,916.8956806562874
193,2022-03-25,924.326673842589,806.0302256927014,1024.9929469633046,924.326673842589,924.326673842589,-14.203283682438267,-14.203283682438267,-14.203283682438267,-14.203283682438267,-14.203283682438267,-14.203283682438267,0.0,0.0,0.0,910.1233901601507
194,2022-03-28,920.6125487863989,815.2782204137907,1034.5771853281028,920.6125487863989,920.6125487863989,1.8089560455623581,1.8089560455623581,1.8089560455623581,1.8089560455623581,1.8089560455623581,1.8089560455623581,0.0,0.0,0.0,922.4215048319612
195,2022-03-29,919.3745071010021,789.337326936469,1032.9420342027727,919.3745071010021,919.3745071010021,-3.6177922643599767,-3.6177922643599767,-3.6177922643599767,-3.6177922643599767,-3.6177922643599767,-3.6177922643599767,0.0,0.0,0.0,915.7567148366421
196,2022-03-30,918.1364654156055,808.6960852754776,1031.8734089082757,918.1364654156055,918.1364654156055,-0.7337970417026413,-0.7337970417026413,-0.7337970417026413,-0.7337970417026413,-0.7337970417026413,-0.7337970417026413,0.0,0.0,0.0,917.4026683739029
197,2022-03-31,916.8984237302088,795.3666195181585,1027.163436875862,916.8984237302088,916.8984237302088,-8.669034871720136,-8.669034871720136,-8.669034871720136,-8.669034871720136,-8.669034871720136,-8.669034871720136,0.0,0.0,0.0,908.2293888584887
198,2022-04-01,915.660382044812,785.6632798382316,1008.7367616619277,915.660382044812,915.660382044812,-14.20328368243005,-14.20328368243005,-14.20328368243005,-14.20328368243005,-14.20328368243005,-14.20328368243005,0.0,0.0,0.0,901.4570983623819
199,2022-04-04,911.9462569886219,801.0129619997049,1027.8049820909882,911.9462569886219,911.9462569886219,1.8089560455666511,1.8089560455666511,1.8089560455666511,1.8089560455666511,1.8089560455666511,1.8089560455666511,0.0,0.0,0.0,913.7552130341886
200,2022-04-05,910.7082153032253,788.0597041279462,1022.9186443792929,910.7082153032253,910.7082153032253,-3.617792264350864,-3.617792264350864,-3.617792264350864,-3.617792264350864,-3.617792264350864,-3.617792264350864,0.0,0.0,0.0,907.0904230388744
201,2022-04-06,908.1722341538257,795.3833713078467,1024.0997656019283,908.1722341538257,908.1722341538257,-0.733797041688986,-0.733797041688986,-0.733797041688986,-0.733797041688986,-0.733797041688986,-0.733797041688986,0.0,0.0,0.0,907.4384371121367
202,2022-04-07,905.6362530044258,790.2502252867806,1008.0578144607285,905.6362530044258,905.6362530044258,-8.669034871708703,-8.669034871708703,-8.669034871708703,-8.669034871708703,-8.669034871708703,-8.669034871708703,0.0,0.0,0.0,896.9672181327171
203,2022-04-08,903.1002718550261,777.9837260182846,997.8330560106964,903.1002718550261,903.1002718550261,-14.203283682421835,-14.203283682421835,-14.203283682421835,-14.203283682421835,-14.203283682421835,-14.203283682421835,0.0,0.0,0.0,888.8969881726043
204,2022-04-11,895.4923284068269,774.6682674631152,1014.0354882482852,895.4923284068269,895.4923284068269,1.8089560455709466,1.8089560455709466,1.8089560455709466,1.8089560455709466,1.8089560455709466,1.8089560455709466,0.0,0.0,0.0,897.3012844523979
205,2022-04-12,892.9563472574272,771.4241963357285,996.8635290834596,892.9563472574272,892.9563472574272,-3.6177922643639304,-3.6177922643639304,-3.6177922643639304,-3.6177922643639304,-3.6177922643639304,-3.6177922643639304,0.0,0.0,0.0,889.3385549930632
206,2022-04-13,890.4203661080273,777.0715411069123,1008.5250065876737,890.4203661080273,890.4203661080273,-0.7337970416968024,-0.7337970416968024,-0.7337970416968024,-0.7337970416968024,-0.7337970416968024,-0.7337970416968024,0.0,0.0,0.0,889.6865690663305
207,2022-04-14,887.8843849586276,767.3319781682792,987.5355401826914,887.8843849586276,887.8843849586276,-8.669034871730457,-8.669034871730457,-8.669034871730457,-8.669034871730457,-8.669034871730457,-8.669034871730457,0.0,0.0,0.0,879.2153500868972
208,2022-04-18,877.7404603610287,768.7548361257174,993.069070305194,877.7404603610287,877.7404603610287,1.808956045538566,1.808956045538566,1.808956045538566,1.808956045538566,1.808956045538566,1.808956045538566,0.0,0.0,0.0,879.5494164065673
209,2022-04-19,875.2044792116288,756.3935538395802,973.0717721430594,875.2044792116288,875.2044792116288,-3.6177922643549065,-3.6177922643549065,-3.6177922643549065,-3.6177922643549065,-3.6177922643549065,-3.6177922643549065,0.0,0.0,0.0,871.586686947274
210,2022-04-20,872.6684980622292,757.433253739604,988.0500226657477,872.6684980622292,872.6684980622292,-0.7337970417046167,-0.7337970417046167,-0.7337970417046167,-0.7337970417046167,-0.7337970417046167,-0.7337970417046167,0.0,0.0,0.0,871.9347010205246
211,2022-04-21,870.1325169128295,743.2641708904767,977.568340513028,870.1325169128295,870.1325169128295,-8.669034871686392,-8.669034871686392,-8.669034871686392,-8.669034871686392,-8.669034871686392,-8.669034871686392,0.0,0.0,0.0,861.4634820411432
212,2022-04-22,867.5965357634296,748.3712085515269,976.6355446625824,867.5965357634296,867.5965357634296,-14.203283682461223,-14.203283682461223,-14.203283682461223,-14.203283682461223,-14.203283682461223,-14.203283682461223,0.0,0.0,0.0,853.3932520809684
213,2022-04-25,859.9885923152304,750.135526157605,969.4562219607404,859.9885923152304,859.9885923152304,1.8089560455428604,1.8089560455428604,1.8089560455428604,1.8089560455428604,1.8089560455428604,1.8089560455428604,0.0,0.0,0.0,861.7975483607734
214,2022-04-26,857.4526111658306,739.3264433995402,965.1482695823593,857.4526111658306,857.4526111658306,-3.6177922643678846,-3.6177922643678846,-3.6177922643678846,-3.6177922643678846,-3.6177922643678846,-3.6177922643678846,0.0,0.0,0.0,853.8348189014628
215,2022-04-27,854.916630016431,740.9458629507149,971.899778168136,854.916630016431,854.916630016431,-0.7337970417124334,-0.7337970417124334,-0.7337970417124334,-0.7337970417124334,-0.7337970417124334,-0.7337970417124334,0.0,0.0,0.0,854.1828329747185
216,2022-04-28,852.3806488670311,733.9620298225132,958.9135124591756,852.3806488670311,852.3806488670311,-8.66903487170815,-8.66903487170815,-8.66903487170815,-8.66903487170815,-8.66903487170815,-8.66903487170815,0.0,0.0,0.0,843.711613995323
217,2022-04-29,849.8446677176315,723.3338871888863,955.2713316788046,849.8446677176315,849.8446677176315,-14.203283682444576,-14.203283682444576,-14.203283682444576,-14.203283682444576,-14.203283682444576,-14.203283682444576,0.0,0.0,0.0,835.641384035187
218,2022-05-02,842.2367242694322,733.0734739298164,961.133370478189,842.2367242694322,842.2367242694322,1.8089560455831688,1.8089560455831688,1.8089560455831688,1.8089560455831688,1.8089560455831688,1.8089560455831688,0.0,0.0,0.0,844.0456803150154
219,2022-05-03,839.7007431200325,712.8762006763338,950.0477371188036,839.7007431200325,839.7007431200325,-3.617792264358861,-3.617792264358861,-3.617792264358861,-3.617792264358861,-3.617792264358861,-3.617792264358861,0.0,0.0,0.0,836.0829508556736
220,2022-05-04,837.1647619706326,721.7018194916886,954.728326308397,837.1647619706326,837.1647619706326,-0.7337970416987789,-0.7337970416987789,-0.7337970416987789,-0.7337970416987789,-0.7337970416987789,-0.7337970416987789,0.0,0.0,0.0,836.4309649289338
221,2022-05-05,834.6287808212329,705.6850924957282,934.3133803510881,834.6287808212329,834.6287808212329,-8.669034871696715,-8.669034871696715,-8.669034871696715,-8.669034871696715,-8.669034871696715,-8.669034871696715,0.0,0.0,0.0,825.9597459495362
222,2022-05-06,832.0927996718333,693.3206508027655,939.4510152259747,832.0927996718333,832.0927996718333,-14.203283682427926,-14.203283682427926,-14.203283682427926,-14.203283682427926,-14.203283682427926,-14.203283682427926,0.0,0.0,0.0,817.8895159894054
223,2022-05-09,824.484856223634,718.3663168529138,941.2488094973894,824.484856223634,824.484856223634,1.8089560455691254,1.8089560455691254,1.8089560455691254,1.8089560455691254,1.8089560455691254,1.8089560455691254,0.0,0.0,0.0,826.2938122692032
224,2022-05-10,821.9488750742341,708.4804309574704,931.872110057399,821.9488750742341,821.9488750742341,-3.617792264371929,-3.617792264371929,-3.617792264371929,-3.617792264371929,-3.617792264371929,-3.617792264371929,0.0,0.0,0.0,818.3310828098622
225,2022-05-11,819.4128939248345,706.9588150890808,925.1071440567041,819.4128939248345,819.4128939248345,-0.7337970417280621,-0.7337970417280621,-0.7337970417280621,-0.7337970417280621,-0.7337970417280621,-0.7337970417280621,0.0,0.0,0.0,818.6790968831065
226,2022-05-12,816.8769127754348,699.7344607199531,923.7275005003837,816.8769127754348,816.8769127754348,-8.669034871718468,-8.669034871718468,-8.669034871718468,-8.669034871718468,-8.669034871718468,-8.669034871718468,0.0,0.0,0.0,808.2078779037163
227,2022-05-13,814.340931626035,683.8155624784293,910.2432050693327,814.340931626035,814.340931626035,-14.203283682428143,-14.203283682428143,-14.203283682428143,-14.203283682428143,-14.203283682428143,-14.203283682428143,0.0,0.0,0.0,800.1376479436068
228,2022-05-16,806.7329881778359,688.0194661949392,925.3185291535364,806.7329881778359,806.7329881778359,1.8089560455550822,1.8089560455550822,1.8089560455550822,1.8089560455550822,1.8089560455550822,1.8089560455550822,0.0,0.0,0.0,808.5419442233909
229,2022-05-17,804.197007028436,688.0536687246821,911.8929888883736,804.197007028436,804.197007028436,-3.6177922643849953,-3.6177922643849953,-3.6177922643849953,-3.6177922643849953,-3.6177922643849953,-3.6177922643849953,0.0,0.0,0.0,800.579214764051
230,2022-05-18,801.6610258790363,690.7801955148237,914.2776926188922,801.6610258790363,801.6610258790363,-0.7337970416982824,-0.7337970416982824,-0.7337970416982824,-0.7337970416982824,-0.7337970416982824,-0.7337970416982824,0.0,0.0,0.0,800.927228837338
231,2022-05-19,799.1250447296364,664.5367014329712,907.1022498158493,799.1250447296364,799.1250447296364,-8.669034871723628,-8.669034871723628,-8.669034871723628,-8.669034871723628,-8.669034871723628,-8.669034871723628,0.0,0.0,0.0,790.4560098579128
232,2022-05-20,796.5890635802368,661.0014800791491,893.1134305613062,796.5890635802368,796.5890635802368,-14.203283682411495,-14.203283682411495,-14.203283682411495,-14.203283682411495,-14.203283682411495,-14.203283682411495,0.0,0.0,0.0,782.3857798978254
233,2022-05-23,788.9811201320375,676.9501829597059,908.1380437411602,788.9811201320375,788.9811201320375,1.808956045613728,1.808956045613728,1.808956045613728,1.808956045613728,1.808956045613728,1.808956045613728,0.0,0.0,0.0,790.7900761776513
234,2022-05-24,786.4451389826378,658.9651649902654,891.025523505919,786.4451389826378,786.4451389826378,-3.6177922643538807,-3.6177922643538807,-3.6177922643538807,-3.6177922643538807,-3.6177922643538807,-3.6177922643538807,0.0,0.0,0.0,782.8273467182839
235,2022-05-25,783.9091578332379,669.7218424503077,891.6867334792979,783.9091578332379,783.9091578332379,-0.7337970417060986,-0.7337970417060986,-0.7337970417060986,-0.7337970417060986,-0.7337970417060986,-0.7337970417060986,0.0,0.0,0.0,783.1753607915318
236,2022-05-26,781.3731766838382,663.6237183217244,895.8101645336432,781.3731766838382,781.3731766838382,-8.669034871679566,-8.669034871679566,-8.669034871679566,-8.669034871679566,-8.669034871679566,-8.669034871679566,0.0,0.0,0.0,772.7041418121587
237,2022-05-27,778.8371955344386,652.5591081568274,878.2245049018522,778.8371955344386,778.8371955344386,-14.203283682403278,-14.203283682403278,-14.203283682403278,-14.203283682403278,-14.203283682403278,-14.203283682403278,0.0,0.0,0.0,764.6339118520353
238,2022-05-31,768.6932709368397,657.0007307764164,877.077624997135,768.6932709368397,768.6932709368397,-3.617792264366949,-3.617792264366949,-3.617792264366949,-3.617792264366949,-3.617792264366949,-3.617792264366949,0.0,0.0,0.0,765.0754786724727
239,2022-06-01,766.1572897874398,650.4836211810738,872.8130708552447,766.1572897874398,766.1572897874398,-0.7337970416924454,-0.7337970416924454,-0.7337970416924454,-0.7337970416924454,-0.7337970416924454,-0.7337970416924454,0.0,0.0,0.0,765.4234927457474
240,2022-06-02,763.6213086380401,636.3627283750308,862.6955066510866,763.6213086380401,763.6213086380401,-8.669034871684724,-8.669034871684724,-8.669034871684724,-8.669034871684724,-8.669034871684724,-8.669034871684724,0.0,0.0,0.0,754.9522737663553
241,2022-06-03,761.0853274886404,633.1309872587336,863.0338306382628,761.0853274886404,761.0853274886404,-14.20328368244245,-14.20328368244245,-14.20328368244245,-14.20328368244245,-14.20328368244245,-14.20328368244245,0.0,0.0,0.0,746.8820438061979
242,2022-06-06,753.4773840404412,630.6648144971123,872.3067248114057,753.4773840404412,753.4773840404412,1.8089560455856415,1.8089560455856415,1.8089560455856415,1.8089560455856415,1.8089560455856415,1.8089560455856415,0.0,0.0,0.0,755.2863400860268
243,2022-06-07,750.9414028910413,628.8066411149564,861.5431779301866,750.9414028910413,750.9414028910413,-3.6177922643579254,-3.6177922643579254,-3.6177922643579254,-3.6177922643579254,-3.6177922643579254,-3.6177922643579254,0.0,0.0,0.0,747.3236106266834
244,2022-06-08,748.4054217416416,638.1524042286817,862.6792078541484,748.4054217416416,748.4054217416416,-0.7337970417217298,-0.7337970417217298,-0.7337970417217298,-0.7337970417217298,-0.7337970417217298,-0.7337970417217298,0.0,0.0,0.0,747.6716246999199
245,2022-06-09,745.8694405922419,620.5755547428578,847.49566912092,745.8694405922419,745.8694405922419,-8.66903487170648,-8.66903487170648,-8.66903487170648,-8.66903487170648,-8.66903487170648,-8.66903487170648,0.0,0.0,0.0,737.2004057205354
246,2022-06-10,743.3334594428421,618.3859463495346,851.3788217691028,743.3334594428421,743.3334594428421,-14.203283682442665,-14.203283682442665,-14.203283682442665,-14.203283682442665,-14.203283682442665,-14.203283682442665,0.0,0.0,0.0,729.1301757603994
247,2022-06-13,735.7255159946428,627.2010346506269,855.523193879263,735.7255159946428,735.7255159946428,1.8089560455715987,1.8089560455715987,1.8089560455715987,1.8089560455715987,1.8089560455715987,1.8089560455715987,0.0,0.0,0.0,737.5344720402144
248,2022-06-14,733.1895348452432,603.0425597407907,847.2114366679174,733.1895348452432,733.1895348452432,-3.6177922643709026,-3.6177922643709026,-3.6177922643709026,-3.6177922643709026,-3.6177922643709026,-3.6177922643709026,0.0,0.0,0.0,729.5717425808723
249,2022-06-15,730.6535536958434,620.2364603347664,840.861597538977,730.6535536958434,730.6535536958434,-0.7337970417080751,-0.7337970417080751,-0.7337970417080751,-0.7337970417080751,-0.7337970417080751,-0.7337970417080751,0.0,0.0,0.0,729.9197566541353
250,2022-06-16,728.1175725464436,608.7872812477118,839.6916002753704,728.1175725464436,728.1175725464436,-8.669034871695045,-8.669034871695045,-8.669034871695045,-8.669034871695045,-8.669034871695045,-8.669034871695045,0.0,0.0,0.0,719.4485376747485
251,2022-06-17,725.5815913970439,597.1655051557541,831.1721510655655,725.5815913970439,725.5815913970439,-14.203283682426017,-14.203283682426017,-14.203283682426017,-14.203283682426017,-14.203283682426017,-14.203283682426017,0.0,0.0,0.0,711.3783077146179
252,2022-06-18,723.0456102476442,617.1412954503552,854.3988236492586,723.0456102476442,723.0456102476442,12.707475946514672,12.707475946514672,12.707475946514672,12.707475946514672,12.707475946514672,12.707475946514672,0.0,0.0,0.0,735.7530861941589
253,2022-06-19,720.5096290982445,615.9025332808179,848.2106662744126,720.5096290982445,720.5096290982445,12.707475868186064,12.707475868186064,12.707475868186064,12.707475868186064,12.707475868186064,12.707475868186064,0.0,0.0,0.0,733.2171049664306
254,2022-06-20,717.9736479488447,600.2030896886389,835.1393905641912,717.9736265311315,717.9736479488447,1.808956045575893,1.808956045575893,1.808956045575893,1.808956045575893,1.808956045575893,1.808956045575893,0.0,0.0,0.0,719.7826039944206
255,2022-06-21,715.437666799445,596.6462352892817,814.6898127545627,715.3421643119714,715.5008163168168,-3.617792264361879,-3.617792264361879,-3.617792264361879,-3.617792264361879,-3.617792264361879,-3.617792264361879,0.0,0.0,0.0,711.819874535083
256,2022-06-22,712.901685650045,597.1839922390977,833.6657488273453,712.632223946264,713.1012465014428,-0.7337970416782966,-0.7337970416782966,-0.7337970416782966,-0.7337970416782966,-0.7337970416782966,-0.7337970416782966,0.0,0.0,0.0,712.1678886083668
257,2022-06-23,710.3657045006454,587.7029092661091,822.2215365140274,709.9524537741929,710.6996442091976,-8.669034871716802,-8.669034871716802,-8.669034871716802,-8.669034871716802,-8.669034871716802,-8.669034871716802,0.0,0.0,0.0,701.6966696289286
258,2022-06-24,707.8297233512457,584.7481276121578,804.8047602616458,707.1849165192085,708.3284900182464,-14.203283682417803,-14.203283682417803,-14.203283682417803,-14.203283682417803,-14.203283682417803,-14.203283682417803,0.0,0.0,0.0,693.6264396688279
259,2022-06-25,705.293742201846,609.7398114676996,829.8717341003128,704.4598845380862,705.9793484840832,12.70747594644949,12.70747594644949,12.70747594644949,12.70747594644949,12.70747594644949,12.70747594644949,0.0,0.0,0.0,718.0012181482955
260,2022-06-26,702.7577610524462,605.8024860281498,831.6169077907944,701.7298601637699,703.7269808665757,12.707475868170507,12.707475868170507,12.707475868170507,12.707475868170507,12.707475868170507,12.707475868170507,0.0,0.0,0.0,715.4652369206167
261,2022-06-27,700.2217799030465,585.6032551918291,819.737344759495,698.9516403950728,701.3993130679725,1.8089560455435134,1.8089560455435134,1.8089560455435134,1.8089560455435134,1.8089560455435134,1.8089560455435134,0.0,0.0,0.0,702.03073594859
262,2022-06-28,697.6857987536468,584.8629829311113,810.5362844443266,696.1774850952986,699.1238246056962,-3.6177922643749465,-3.6177922643749465,-3.6177922643749465,-3.6177922643749465,-3.6177922643749465,-3.6177922643749465,0.0,0.0,0.0,694.0680064892719
263,2022-06-29,695.149817604247,579.0675119537211,803.5856061451584,693.3361460027168,696.9129253552543,-0.7337970417075798,-0.7337970417075798,-0.7337970417075798,-0.7337970417075798,-0.7337970417075798,-0.7337970417075798,0.0,0.0,0.0,694.4160205625394
264,2022-06-30,692.6138364548472,570.6601917472173,790.4432221945875,690.5955502386171,694.6515851379842,-8.669034871672736,-8.669034871672736,-8.669034871672736,-8.669034871672736,-8.669034871672736,-8.669034871672736,0.0,0.0,0.0,683.9448015831745
265,2022-07-01,690.0778553054473,561.946038200993,786.1720198793042,687.7746092607285,692.578073513487,-14.203283682409587,-14.203283682409587,-14.203283682409587,-14.203283682409587,-14.203283682409587,-14.203283682409587,0.0,0.0,0.0,675.8745716230377
266,2022-07-02,687.5418741560477,587.1865285209477,808.3189365110509,684.8570960642706,690.475877855759,12.707475946463871,12.707475946463871,12.707475946463871,12.707475946463871,12.707475946463871,12.707475946463871,0.0,0.0,0.0,700.2493501025116
267,2022-07-03,685.005893006648,584.544797027575,815.1341631326254,681.9257728380196,688.3154743874022,12.707475868176857,12.707475868176857,12.707475868176857,12.707475868176857,12.707475868176857,12.707475868176857,0.0,0.0,0.0,697.7133688748248
268,2022-07-04,682.4699118572481,564.0707846896884,796.7684685852107,679.0524242600026,686.1565182997217,1.8089560455478069,1.8089560455478069,1.8089560455478069,1.8089560455478069,1.8089560455478069,1.8089560455478069,0.0,0.0,0.0,684.2788679027959
269,2022-07-05,679.9339307078485,554.3053339938502,778.0320017309754,676.114040293171,684.0268075122439,-3.6177922643438314,-3.6177922643438314,-3.6177922643438314,-3.6177922643438314,-3.6177922643438314,-3.6177922643438314,0.0,0.0,0.0,676.3161384435047
270,2022-07-06,677.3979495584488,568.5596739594697,790.533576488154,673.1149584108047,681.9953338562011,-0.7337970416939252,-0.7337970416939252,-0.7337970416939252,-0.7337970416939252,-0.7337970416939252,-0.7337970416939252,0.0,0.0,0.0,676.6641525167548
271,2022-07-07,674.8619684090492,553.2921030566101,780.2840593440326,670.2763831944145,679.8010920265084,-8.66903487169449,-8.66903487169449,-8.66903487169449,-8.66903487169449,-8.66903487169449,-8.66903487169449,0.0,0.0,0.0,666.1929335373546
272,2022-07-08,672.3259872596491,542.1802617122937,772.3671413409994,667.22738126024,677.7565746133017,-14.20328368240137,-14.20328368240137,-14.20328368240137,-14.20328368240137,-14.20328368240137,-14.20328368240137,0.0,0.0,0.0,658.1227035772478
273,2022-07-09,669.7900061102495,562.439224066726,797.2133140875759,664.2999993701285,675.761963170328,12.70747594647965,12.70747594647965,12.70747594647965,12.70747594647965,12.70747594647965,12.70747594647965,0.0,0.0,0.0,682.4974820567292
274,2022-07-10,667.2540249608496,565.127135280421,790.8761755446214,661.3508220872274,673.5241169386915,12.707475868161303,12.707475868161303,12.707475868161303,12.707475868161303,12.707475868161303,12.707475868161303,0.0,0.0,0.0,679.9615008290109
275,2022-07-11,664.71804381145,558.5767047459424,780.7772219679231,658.3069161878592,671.3661841515418,1.8089560455881137,1.8089560455881137,1.8089560455881137,1.8089560455881137,1.8089560455881137,1.8089560455881137,0.0,0.0,0.0,666.5269998570382
276,2022-07-12,662.1820626620503,543.7551118445562,767.0181616379097,655.4051285683339,669.2884776996272,-3.617792264356899,-3.617792264356899,-3.617792264356899,-3.617792264356899,-3.617792264356899,-3.617792264356899,0.0,0.0,0.0,658.5642703976933
277,2022-07-13,659.6460815126505,555.7899278706934,769.4807704218711,652.4939344589026,667.205284324747,-0.733797041701742,-0.733797041701742,-0.733797041701742,-0.733797041701742,-0.733797041701742,-0.733797041701742,0.0,0.0,0.0,658.9122844709487
278,2022-07-14,657.1101003632508,525.0238281750052,761.7603718382254,649.4547940287725,665.3915132347164,-8.669034871683056,-8.669034871683056,-8.669034871683056,-8.669034871683056,-8.669034871683056,-8.669034871683056,0.0,0.0,0.0,648.4410654915678
279,2022-07-15,654.5741192138511,524.8180538425564,758.9839915693923,646.5189558552416,663.5664867044023,-14.203283682384724,-14.203283682384724,-14.203283682384724,-14.203283682384724,-14.203283682384724,-14.203283682384724,0.0,0.0,0.0,640.3708355314664
280,2022-07-16,652.0381380644513,550.6596660034403,786.9964272373173,643.6047523272757,661.5829571186608,12.707475946411671,12.707475946411671,12.707475946411671,12.707475946411671,12.707475946411671,12.707475946411671,0.0,0.0,0.0,664.745614010863
281,2022-07-17,649.5021569150514,548.0895533142195,775.1412164994344,640.606397199049,659.4406454453225,12.707475868145746,12.707475868145746,12.707475868145746,12.707475868145746,12.707475868145746,12.707475868145746,0.0,0.0,0.0,662.2096327831971
